noc,iso3,note
AFG,AFG,
AHO,,Antilles néerlandaises : entité dissoute en 2010 (pas d'équivalent ISO actuel) — exclue
ALB,ALB,
ALG,DZA,Algérie : code CIO ≠ ISO
AND,AND,
ANG,AGO,Angola : code CIO ≠ ISO
ANT,ATG,Antigua-et-Barbuda : code CIO ≠ ISO
ARG,ARG,
ARM,ARM,
ARU,ABW,Aruba : code CIO ≠ ISO
ASA,ASM,Samoa américaines : code CIO ≠ ISO
AUS,AUS,
AUT,AUT,
AZE,AZE,
BAH,BHS,Bahamas : code CIO ≠ ISO
BAN,BGD,Bangladesh : code CIO ≠ ISO
BAR,BRB,Barbade : code CIO ≠ ISO
BDI,BDI,
BEL,BEL,
BEN,BEN,
BER,BMU,Bermudes : code CIO ≠ ISO
BHU,BTN,Bhoutan : code CIO ≠ ISO
BIH,BIH,
BIZ,BLZ,Belize : code CIO ≠ ISO
BLR,BLR,
BOL,BOL,
BOT,BWA,Botswana : code CIO ≠ ISO
BRA,BRA,
BRN,BHR,Bahreïn : code CIO BRN ≠ ISO BRN (qui désigne Brunei)
BRU,BRN,Brunei : code CIO ≠ ISO
BUL,BGR,Bulgarie : code CIO ≠ ISO
BUR,BFA,Burkina Faso (ex-Haute-Volta) : code CIO ≠ ISO
CAF,CAF,
CAM,KHM,Cambodge : code CIO ≠ ISO
CAN,CAN,
CAY,CYM,Îles Caïmans : code CIO ≠ ISO
CGO,COG,République du Congo : code CIO ≠ ISO
CHA,TCD,Tchad : code CIO ≠ ISO
CHI,CHL,Chili : code CIO ≠ ISO
CHN,CHN,
CIV,CIV,
CMR,CMR,
COD,COD,RD Congo (ex-Zaïre)
COK,COK,Îles Cook : absentes des données Banque mondiale — exclues (pas de PIB)
COL,COL,
COM,COM,
CPV,CPV,
CRC,CRI,Costa Rica : code CIO ≠ ISO
CRO,HRV,Croatie : code CIO ≠ ISO
CUB,CUB,
CYP,CYP,
CZE,CZE,
DEN,DNK,Danemark : code CIO ≠ ISO
DJI,DJI,
DMA,DMA,
DOM,DOM,
ECU,ECU,
EGY,EGY,
ERI,ERI,
ESA,SLV,Salvador : code CIO ≠ ISO
ESP,ESP,
EST,EST,
ETH,ETH,
EUN,,Équipe unifiée 1992 (ex-URSS) : entité historique sans équivalent ISO — exclue
FIJ,FJI,Fidji : code CIO ≠ ISO
FIN,FIN,
FRA,FRA,
FRG,,RFA 1968–1988 : entité historique sans équivalent ISO — exclue
FSM,FSM,
GAB,GAB,
GAM,GMB,Gambie : code CIO ≠ ISO
GBR,GBR,
GBS,GNB,Guinée-Bissau : code CIO ≠ ISO
GDR,,RDA 1968–1988 : entité historique sans équivalent ISO — exclue
GEO,GEO,
GEQ,GNQ,Guinée équatoriale : code CIO ≠ ISO
GER,DEU,Allemagne : code CIO ≠ ISO ; inclut l'équipe unifiée d'Allemagne de 1960–1964 (codée GER dans la source)
GHA,GHA,
GRE,GRC,Grèce : code CIO ≠ ISO
GRN,GRD,Grenade : code CIO ≠ ISO
GUA,GTM,Guatemala : code CIO ≠ ISO
GUI,GIN,Guinée : code CIO ≠ ISO
GUM,GUM,
GUY,GUY,
HAI,HTI,Haïti : code CIO ≠ ISO
HKG,HKG,
HON,HND,Honduras : code CIO ≠ ISO
HUN,HUN,
INA,IDN,Indonésie : code CIO ≠ ISO
IND,IND,
IOA,,Athlètes olympiques indépendants : pas un pays — exclus
IRI,IRN,Iran : code CIO ≠ ISO
IRL,IRL,
IRQ,IRQ,
ISL,ISL,
ISR,ISR,
ISV,VIR,Îles Vierges américaines : code CIO ≠ ISO
ITA,ITA,
IVB,VGB,Îles Vierges britanniques : code CIO ≠ ISO
JAM,JAM,
JOR,JOR,
JPN,JPN,
KAZ,KAZ,
KEN,KEN,
KGZ,KGZ,
KIR,KIR,
KOR,KOR,
KOS,XKX,Kosovo : code Banque mondiale (pas d'ISO officiel) ; absent du jeu PIB — exclu (pas de PIB)
KSA,SAU,Arabie saoudite : code CIO ≠ ISO
KUW,KWT,Koweït : code CIO ≠ ISO
LAO,LAO,
LAT,LVA,Lettonie : code CIO ≠ ISO
LBA,LBY,Libye : code CIO ≠ ISO
LBR,LBR,
LCA,LCA,
LES,LSO,Lesotho : code CIO ≠ ISO
LIB,LBN,Liban : code CIO ≠ ISO
LIE,LIE,
LTU,LTU,
LUX,LUX,
MAD,MDG,Madagascar : code CIO ≠ ISO
MAL,MYS,Fédération de Malaya (1960) : devenue la Malaisie en 1963 — rattachée à MYS
MAR,MAR,
MAS,MYS,Malaisie : code CIO ≠ ISO
MAW,MWI,Malawi : code CIO ≠ ISO
MDA,MDA,
MDV,MDV,
MEX,MEX,
MGL,MNG,Mongolie : code CIO ≠ ISO
MHL,MHL,
MKD,MKD,
MLI,MLI,
MLT,MLT,
MNE,MNE,
MON,MCO,Monaco : code CIO ≠ ISO
MOZ,MOZ,
MRI,MUS,Maurice : code CIO ≠ ISO
MTN,MRT,Mauritanie : code CIO ≠ ISO
MYA,MMR,Myanmar : code CIO ≠ ISO
NAM,NAM,
NCA,NIC,Nicaragua : code CIO ≠ ISO
NED,NLD,Pays-Bas : code CIO ≠ ISO
NEP,NPL,Népal : code CIO ≠ ISO
NGR,NGA,Nigeria : code CIO ≠ ISO
NIG,NER,Niger : code CIO ≠ ISO
NOR,NOR,
NRU,NRU,
NZL,NZL,
OMA,OMN,Oman : code CIO ≠ ISO
PAK,PAK,
PAN,PAN,
PAR,PRY,Paraguay : code CIO ≠ ISO
PER,PER,
PHI,PHL,Philippines : code CIO ≠ ISO
PLE,PSE,Palestine : code CIO ≠ ISO
PLW,PLW,
PNG,PNG,
POL,POL,
POR,PRT,Portugal : code CIO ≠ ISO
PRK,PRK,
PUR,PRI,Porto Rico : code CIO ≠ ISO
QAT,QAT,
RHO,,Rhodésie 1960 (Fédération de Rhodésie et du Nyassaland) : entité historique sans équivalent ISO — exclue
ROT,,Équipe olympique des réfugiés : pas un pays — exclue
ROU,ROU,
RSA,ZAF,Afrique du Sud : code CIO ≠ ISO
RUS,RUS,
RWA,RWA,
SAM,WSM,Samoa : code CIO ≠ ISO
SCG,,Serbie-et-Monténégro / RF de Yougoslavie 1996–2004 : entité historique sans équivalent ISO — exclue
SEN,SEN,
SEY,SYC,Seychelles : code CIO ≠ ISO
SGP,SGP,Singapour (codé SGP dans athlete_events ; SIN dans noc_regions)
SKN,KNA,Saint-Christophe-et-Niévès : code CIO ≠ ISO
SLE,SLE,
SLO,SVN,Slovénie : code CIO ≠ ISO
SMR,SMR,
SOL,SLB,Îles Salomon : code CIO ≠ ISO
SOM,SOM,
SRB,SRB,
SRI,LKA,Sri Lanka : code CIO ≠ ISO
SSD,SSD,
STP,STP,
SUD,SDN,Soudan : code CIO ≠ ISO
SUI,CHE,Suisse : code CIO ≠ ISO
SUR,SUR,
SVK,SVK,
SWE,SWE,
SWZ,SWZ,Eswatini (ex-Swaziland)
SYR,SYR,
TAN,TZA,Tanzanie : code CIO ≠ ISO
TCH,,Tchécoslovaquie 1960–1992 : entité historique sans équivalent ISO — exclue
TGA,TON,Tonga : code CIO ≠ ISO
THA,THA,
TJK,TJK,
TKM,TKM,
TLS,TLS,
TOG,TGO,Togo : code CIO ≠ ISO
TPE,TWN,Taïwan (Chinese Taipei) : absent des données Banque mondiale — exclu (pas de PIB)
TTO,TTO,
TUN,TUN,
TUR,TUR,
TUV,TUV,
UAE,ARE,Émirats arabes unis : code CIO ≠ ISO
UAR,,République arabe unie 1960 (Égypte + Syrie) : entité historique sans équivalent ISO — exclue
UGA,UGA,
UKR,UKR,
URS,,URSS 1960–1988 : entité historique sans équivalent ISO — exclue
URU,URY,Uruguay : code CIO ≠ ISO
USA,USA,
UZB,UZB,
VAN,VUT,Vanuatu : code CIO ≠ ISO
VEN,VEN,
VIE,VNM,Viêt Nam (réunifié) : code CIO ≠ ISO
VIN,VCT,Saint-Vincent-et-les-Grenadines : code CIO ≠ ISO
VNM,,Sud-Viêt Nam 1960–1972 : entité historique (le code VNM désigne ici le Sud-Viêt Nam et non l'ISO VNM) — exclue
WIF,,Fédération des Indes occidentales 1960 : entité historique sans équivalent ISO — exclue
YAR,,Yémen du Nord 1984–1988 : entité historique sans équivalent ISO — exclue
YEM,YEM,
YMD,,Yémen du Sud 1988 : entité historique sans équivalent ISO — exclue
YUG,,Yougoslavie (RSF) 1960–1988 : entité historique sans équivalent ISO — exclue
ZAM,ZMB,Zambie : code CIO ≠ ISO
ZIM,ZWE,Zimbabwe : code CIO ≠ ISO
